{
  "method": "CNN",
  "language": "portuguese",
  "seed": 42,
  "normalization": "minmax",
  "library": "psf",
  "sample_rate": 24000,
  "sizes": [
    193,
    65,
    65
  ],
  "score_train": 1.0,
  "score_test": 0.6307692527770996,
  "timestamp": 1627514657.5802236,
  "params": {},
  "cv_results": {
    "mean_fit_time": [
      350.78110880851744
    ],
    "std_fit_time": [
      1.0174211512987072
    ],
    "mean_score_time": [
      0.37827138900756835
    ],
    "std_score_time": [
      0.2262057740362773
    ],
    "params": [
      {}
    ],
    "split0_test_score": [
      0.5384615659713745
    ],
    "split1_test_score": [
      0.23076923191547394
    ],
    "split2_test_score": [
      0.3589743673801422
    ],
    "split3_test_score": [
      0.31578946113586426
    ],
    "split4_test_score": [
      0.34210526943206787
    ],
    "mean_test_score": [
      0.35721997916698456
    ],
    "std_test_score": [
      0.10078325696318698
    ],
    "rank_test_score": [
      1
    ]
  },
  "epochs": 500,
  "batch_size": 128,
  "model_file": "portuguese/minmax/cnn/psf/6307/model.json"
}