{
  "method": "lstm",
  "language": "portuguese",
  "normalization": "standard",
  "seed": 42,
  "augmentation": [
    "5",
    "noise",
    "cut"
  ],
  "library": "psf",
  "sample_rate": 24000,
  "shape": [
    2649,
    234,
    13
  ],
  "sizes": [
    2649,
    883,
    884
  ],
  "score_train": 0.7942619919776917,
  "score_test": 0.5690045356750488,
  "timestamp": 1629667398.7822163,
  "params": {
    "dense1": 64,
    "dense2": 32,
    "dense3": 24,
    "dropout1": 0.2,
    "dropout2": 0.2,
    "dropout3": 0.4,
    "epochs": 2000,
    "lstm": 96
  },
  "cv_results": {
    "mean_fit_time": [
      19408.191224861144
    ],
    "std_fit_time": [
      32.405579280359674
    ],
    "mean_score_time": [
      1.405003309249878
    ],
    "std_score_time": [
      0.5564327785010735
    ],
    "param_dense1": [
      64
    ],
    "param_dense2": [
      32
    ],
    "param_dense3": [
      24
    ],
    "param_dropout1": [
      0.2
    ],
    "param_dropout2": [
      0.2
    ],
    "param_dropout3": [
      0.4
    ],
    "param_epochs": [
      2000
    ],
    "param_lstm": [
      96
    ],
    "params": [
      {
        "dense1": 64,
        "dense2": 32,
        "dense3": 24,
        "dropout1": 0.2,
        "dropout2": 0.2,
        "dropout3": 0.4,
        "epochs": 2000,
        "lstm": 96
      }
    ],
    "split0_test_score": [
      0.46415093541145325
    ],
    "split1_test_score": [
      0.4433962404727936
    ],
    "split2_test_score": [
      0.49245283007621765
    ],
    "split3_test_score": [
      0.473584920167923
    ],
    "split4_test_score": [
      0.4536862075328827
    ],
    "mean_test_score": [
      0.465454226732254
    ],
    "std_test_score": [
      0.016862813289814406
    ],
    "rank_test_score": [
      1
    ]
  },
  "epochs": 2000,
  "batch_size": 128,
  "model_file": "portuguese/standard/a5nc/lstm/psf/5690/model.json"
}