{
  "method": "cnn",
  "language": "portuguese",
  "normalization": "standard",
  "seed": 42,
  "augmentation": [],
  "library": "psf",
  "sample_rate": 24000,
  "shape": [
    441,
    234,
    13,
    1
  ],
  "sizes": [
    441,
    147,
    148
  ],
  "score_train": 1.0,
  "score_test": 0.5540540814399719,
  "timestamp": 1629512770.9123952,
  "params": {
    "conv2d1": 32,
    "conv2d2": 64,
    "dense": 128,
    "dropout1": 0.25,
    "dropout2": 0.5,
    "epochs": 2000,
    "resizing": [
      32,
      32
    ]
  },
  "cv_results": {
    "mean_fit_time": [
      2975.037187242508
    ],
    "std_fit_time": [
      5.859899501823557
    ],
    "mean_score_time": [
      0.3493937969207764
    ],
    "std_score_time": [
      0.13452483345155264
    ],
    "param_conv2d1": [
      32
    ],
    "param_conv2d2": [
      64
    ],
    "param_dense": [
      128
    ],
    "param_dropout1": [
      0.25
    ],
    "param_dropout2": [
      0.5
    ],
    "param_epochs": [
      2000
    ],
    "param_resizing": [
      [
        32,
        32
      ]
    ],
    "params": [
      {
        "conv2d1": 32,
        "conv2d2": 64,
        "dense": 128,
        "dropout1": 0.25,
        "dropout2": 0.5,
        "epochs": 2000,
        "resizing": [
          32,
          32
        ]
      }
    ],
    "split0_test_score": [
      0.3820224702358246
    ],
    "split1_test_score": [
      0.3295454680919647
    ],
    "split2_test_score": [
      0.1818181872367859
    ],
    "split3_test_score": [
      0.2613636255264282
    ],
    "split4_test_score": [
      0.20454545319080353
    ],
    "mean_test_score": [
      0.27185904085636137
    ],
    "std_test_score": [
      0.07511635402194504
    ],
    "rank_test_score": [
      1
    ]
  },
  "epochs": 2000,
  "batch_size": 128,
  "model_file": "portuguese/standard/cnn/psf/5540/model.json"
}