{
  "method": "Perceptron",
  "language": "portuguese",
  "seed": 42,
  "normalization": "standard",
  "library": "melbanks",
  "sample_rate": 24000,
  "sizes": [
    193,
    65,
    65
  ],
  "score_train": 1.0,
  "score_test": 0.13846154510974884,
  "timestamp": 1627513537.1967673,
  "params": {},
  "cv_results": {
    "mean_fit_time": [
      155.17126874923707
    ],
    "std_fit_time": [
      0.7219094011946229
    ],
    "mean_score_time": [
      0.4094674587249756
    ],
    "std_score_time": [
      0.17956196727422025
    ],
    "params": [
      {}
    ],
    "split0_test_score": [
      0.12820513546466827
    ],
    "split1_test_score": [
      0.1794871836900711
    ],
    "split2_test_score": [
      0.07692307978868484
    ],
    "split3_test_score": [
      0.15789473056793213
    ],
    "split4_test_score": [
      0.02631578966975212
    ],
    "mean_test_score": [
      0.1137651838362217
    ],
    "std_test_score": [
      0.05564179640036718
    ],
    "rank_test_score": [
      1
    ]
  },
  "epochs": 500,
  "batch_size": 128,
  "model_file": "portuguese/standard/perceptron/melbanks/1384/model.json"
}