{
  "method": "Support Vector Machines",
  "language": "portuguese",
  "normalization": "standard",
  "seed": 42,
  "augmentation": [
    "10",
    "noise",
    "cut"
  ],
  "library": "melbanks",
  "sample_rate": 24000,
  "shape": [
    4857,
    20000
  ],
  "sizes": [
    4857,
    1619,
    1620
  ],
  "score_train": 1.0,
  "score_test": 0.9438271604938272,
  "timestamp": 1630339595.8355734,
  "params": {
    "C": 10,
    "decision_function_shape": "ovo",
    "kernel": "linear"
  },
  "cv_results": {
    "mean_fit_time": [
      464.6403459072113
    ],
    "std_fit_time": [
      65.36637122484285
    ],
    "mean_score_time": [
      66.22618985176086
    ],
    "std_score_time": [
      17.648307647688654
    ],
    "param_C": [
      10
    ],
    "param_decision_function_shape": [
      "ovo"
    ],
    "param_kernel": [
      "linear"
    ],
    "params": [
      {
        "C": 10,
        "decision_function_shape": "ovo",
        "kernel": "linear"
      }
    ],
    "split0_test_score": [
      0.9053497942386831
    ],
    "split1_test_score": [
      0.9053497942386831
    ],
    "split2_test_score": [
      0.9248197734294542
    ],
    "split3_test_score": [
      0.9165808444902163
    ],
    "split4_test_score": [
      0.9207003089598352
    ],
    "mean_test_score": [
      0.9145601030713744
    ],
    "std_test_score": [
      0.00795871770674241
    ],
    "rank_test_score": [
      1
    ]
  },
  "model_file": null
}