{
  "method": "Support Vector Machines",
  "seed": 42,
  "library": "mixed",
  "sample_rate": 24000,
  "sizes": [
    193,
    65,
    65
  ],
  "score_train": 1.0,
  "score_test": 0.8153846153846154,
  "timestamp": 1623698105.1813192,
  "params": {
    "C": 10,
    "decision_function_shape": "ovo",
    "kernel": "linear"
  },
  "cv_results": {
    "mean_fit_time": [
      0.9052822589874268
    ],
    "std_fit_time": [
      0.1911276978296267
    ],
    "mean_score_time": [
      0.18016395568847657
    ],
    "std_score_time": [
      0.03691286062097065
    ],
    "param_C": [
      10
    ],
    "param_decision_function_shape": [
      "ovo"
    ],
    "param_kernel": [
      "linear"
    ],
    "params": [
      {
        "C": 10,
        "decision_function_shape": "ovo",
        "kernel": "linear"
      }
    ],
    "split0_test_score": [
      0.717948717948718
    ],
    "split1_test_score": [
      0.6923076923076923
    ],
    "split2_test_score": [
      0.6410256410256411
    ],
    "split3_test_score": [
      0.7105263157894737
    ],
    "split4_test_score": [
      0.6578947368421053
    ],
    "mean_test_score": [
      0.683940620782726
    ],
    "std_test_score": [
      0.029844400799971006
    ],
    "rank_test_score": [
      1
    ]
  },
  "model_file": null
}