{
  "method": "Perceptron",
  "language": "portuguese",
  "seed": 42,
  "library": "stft",
  "sample_rate": 24000,
  "sizes": [
    193,
    65,
    65
  ],
  "score_train": 1.0,
  "score_test": 0.2461538463830948,
  "timestamp": 1626720612.4534638,
  "params": {},
  "cv_results": {
    "mean_fit_time": [
      841.3101779222488
    ],
    "std_fit_time": [
      5.489509224891663
    ],
    "mean_score_time": [
      4.444095492362976
    ],
    "std_score_time": [
      2.103303551673889
    ],
    "params": [
      {}
    ],
    "split0_test_score": [
      0.09278350323438644
    ],
    "split1_test_score": [
      0.0729166641831398
    ],
    "mean_test_score": [
      0.08285008370876312
    ],
    "std_test_score": [
      0.009933419525623322
    ],
    "rank_test_score": [
      1
    ]
  },
  "model_file": null
}