{
  "method": "Perceptron",
  "language": "portuguese",
  "seed": 42,
  "library": "psf",
  "sample_rate": 24000,
  "sizes": [
    193,
    65,
    65
  ],
  "score_train": 1.0,
  "score_test": 0.0615384615957737,
  "timestamp": 1627510992.6882055,
  "params": {},
  "cv_results": {
    "mean_fit_time": [
      7.074545502662659
    ],
    "std_fit_time": [
      0.005157113075256348
    ],
    "mean_score_time": [
      0.14790189266204834
    ],
    "std_score_time": [
      0.01514589786529541
    ],
    "params": [
      {}
    ],
    "split0_test_score": [
      0.05154639109969139
    ],
    "split1_test_score": [
      0.03125
    ],
    "mean_test_score": [
      0.041398195549845695
    ],
    "std_test_score": [
      0.010148195549845695
    ],
    "rank_test_score": [
      1
    ]
  },
  "model_file": null
}