{
  "method": "cnn",
  "language": "portuguese",
  "normalization": "standard",
  "seed": 42,
  "augmentation": [
    "10",
    "noise",
    "cut"
  ],
  "library": "psf",
  "sample_rate": 24000,
  "shape": [
    4857,
    234,
    13,
    1
  ],
  "sizes": [
    4857,
    1619,
    1620
  ],
  "score_train": 1.0,
  "score_test": 0.9870370626449585,
  "timestamp": 1629575932.7314854,
  "params": {
    "conv2d1": 32,
    "conv2d2": 64,
    "dense": 128,
    "dropout1": 0.25,
    "dropout2": 0.5,
    "epochs": 2000,
    "resizing": [
      32,
      32
    ]
  },
  "cv_results": {
    "mean_fit_time": [
      32092.52160243988
    ],
    "std_fit_time": [
      47.98729631178923
    ],
    "mean_score_time": [
      0.8331879138946533
    ],
    "std_score_time": [
      0.35584012468841925
    ],
    "param_conv2d1": [
      32
    ],
    "param_conv2d2": [
      64
    ],
    "param_dense": [
      128
    ],
    "param_dropout1": [
      0.25
    ],
    "param_dropout2": [
      0.5
    ],
    "param_epochs": [
      2000
    ],
    "param_resizing": [
      [
        32,
        32
      ]
    ],
    "params": [
      {
        "conv2d1": 32,
        "conv2d2": 64,
        "dense": 128,
        "dropout1": 0.25,
        "dropout2": 0.5,
        "epochs": 2000,
        "resizing": [
          32,
          32
        ]
      }
    ],
    "split0_test_score": [
      0.9753086566925049
    ],
    "split1_test_score": [
      0.9711934328079224
    ],
    "split2_test_score": [
      0.970133900642395
    ],
    "split3_test_score": [
      0.9711637496948242
    ],
    "split4_test_score": [
      0.9721935987472534
    ],
    "mean_test_score": [
      0.97199866771698
    ],
    "std_test_score": [
      0.001778587795392824
    ],
    "rank_test_score": [
      1
    ]
  },
  "epochs": 2000,
  "batch_size": 128,
  "model_file": "portuguese/standard/a10nc/cnn/psf/9870/model.json"
}