{
  "method": "Perceptron",
  "seed": 42,
  "normalization": "nonorm",
  "library": "mixed",
  "sample_rate": 24000,
  "sizes": [
    10601,
    3534,
    3534
  ],
  "score_train": 1.0,
  "score_test": 0.9312393665313721,
  "timestamp": 1624392447.595794,
  "params": {},
  "cv_results": {
    "mean_fit_time": [
      31839.983656072618
    ],
    "std_fit_time": [
      53.46124917656864
    ],
    "mean_score_time": [
      1.6411818027496339
    ],
    "std_score_time": [
      0.7754372598607537
    ],
    "params": [
      {}
    ],
    "split0_test_score": [
      0.9203206300735474
    ],
    "split1_test_score": [
      0.9117924571037292
    ],
    "split2_test_score": [
      0.9075471758842468
    ],
    "split3_test_score": [
      0.902830183506012
    ],
    "split4_test_score": [
      0.8976414799690247
    ],
    "mean_test_score": [
      0.9080263853073121
    ],
    "std_test_score": [
      0.007751234287054575
    ],
    "rank_test_score": [
      1
    ]
  },
  "model_file": null
}