{
  "method": "Support Vector Machines",
  "seed": 42,
  "library": "psf",
  "sample_rate": 24000,
  "sizes": [
    193,
    65,
    65
  ],
  "score_train": 1.0,
  "score_test": 0.8153846153846154,
  "timestamp": 1623697241.7245214,
  "params": {
    "C": 10,
    "decision_function_shape": "ovo",
    "kernel": "linear"
  },
  "cv_results": {
    "mean_fit_time": [
      0.07008137702941894
    ],
    "std_fit_time": [
      0.015494020373136458
    ],
    "mean_score_time": [
      0.00751948356628418
    ],
    "std_score_time": [
      0.0023282993852508584
    ],
    "param_C": [
      10
    ],
    "param_decision_function_shape": [
      "ovo"
    ],
    "param_kernel": [
      "linear"
    ],
    "params": [
      {
        "C": 10,
        "decision_function_shape": "ovo",
        "kernel": "linear"
      }
    ],
    "split0_test_score": [
      0.7435897435897436
    ],
    "split1_test_score": [
      0.7435897435897436
    ],
    "split2_test_score": [
      0.6923076923076923
    ],
    "split3_test_score": [
      0.7368421052631579
    ],
    "split4_test_score": [
      0.6578947368421053
    ],
    "mean_test_score": [
      0.7148448043184886
    ],
    "std_test_score": [
      0.034315174251687584
    ],
    "rank_test_score": [
      1
    ]
  },
  "model_file": null
}