{
  "method": "lstm",
  "language": "english",
  "normalization": "nonorm",
  "seed": 42,
  "library": "melbanks",
  "sample_rate": 24000,
  "shape": [
    10601,
    40,
    500
  ],
  "sizes": [
    10601,
    3534,
    3534
  ],
  "score_train": 0.2514857053756714,
  "score_test": 0.05036785453557968,
  "timestamp": 1627924479.8866417,
  "params": {},
  "cv_results": {
    "mean_fit_time": [
      5021.676221561432
    ],
    "std_fit_time": [
      21.15643657609099
    ],
    "mean_score_time": [
      2.5897805213928224
    ],
    "std_score_time": [
      1.8074237185806643
    ],
    "params": [
      {}
    ],
    "split0_test_score": [
      0.0476190485060215
    ],
    "split1_test_score": [
      0.028773585334420204
    ],
    "split2_test_score": [
      0.031603772193193436
    ],
    "split3_test_score": [
      0.046226415783166885
    ],
    "split4_test_score": [
      0.056603774428367615
    ],
    "mean_test_score": [
      0.042165319249033925
    ],
    "std_test_score": [
      0.010445951074806403
    ],
    "rank_test_score": [
      1
    ]
  },
  "epochs": 500,
  "batch_size": 128,
  "model_file": "english/nonorm/lstm/melbanks/0503/model.json"
}