{
  "method": "lstm",
  "language": "portuguese",
  "normalization": "standard",
  "seed": 42,
  "augmentation": [],
  "library": "psf",
  "sample_rate": 24000,
  "shape": [
    441,
    234,
    13
  ],
  "sizes": [
    441,
    147,
    148
  ],
  "score_train": 0.8934240341186523,
  "score_test": 0.5067567825317383,
  "timestamp": 1629639991.2149942,
  "params": {
    "dense1": 64,
    "dense2": 32,
    "dense3": 24,
    "dropout1": 0.2,
    "dropout2": 0.2,
    "dropout3": 0.4,
    "epochs": 2000,
    "lstm": 96
  },
  "cv_results": {
    "mean_fit_time": [
      3319.012606716156
    ],
    "std_fit_time": [
      5.831440401412929
    ],
    "mean_score_time": [
      0.8785272121429444
    ],
    "std_score_time": [
      0.42564676983903793
    ],
    "param_dense1": [
      64
    ],
    "param_dense2": [
      32
    ],
    "param_dense3": [
      24
    ],
    "param_dropout1": [
      0.2
    ],
    "param_dropout2": [
      0.2
    ],
    "param_dropout3": [
      0.4
    ],
    "param_epochs": [
      2000
    ],
    "param_lstm": [
      96
    ],
    "params": [
      {
        "dense1": 64,
        "dense2": 32,
        "dense3": 24,
        "dropout1": 0.2,
        "dropout2": 0.2,
        "dropout3": 0.4,
        "epochs": 2000,
        "lstm": 96
      }
    ],
    "split0_test_score": [
      0.2921348214149475
    ],
    "split1_test_score": [
      0.2613636255264282
    ],
    "split2_test_score": [
      0.22727273404598236
    ],
    "split3_test_score": [
      0.25
    ],
    "split4_test_score": [
      0.23863635957241058
    ],
    "mean_test_score": [
      0.25388150811195376
    ],
    "std_test_score": [
      0.022247721573998496
    ],
    "rank_test_score": [
      1
    ]
  },
  "epochs": 2000,
  "batch_size": 128,
  "model_file": "portuguese/standard/lstm/psf/5067/model.json"
}