{
  "method": "perceptron",
  "language": "portuguese",
  "normalization": "standard",
  "seed": 42,
  "augmentation": [
    "5",
    "noise",
    "cut"
  ],
  "library": "melbanks",
  "sample_rate": 24000,
  "shape": [
    2649,
    40,
    500
  ],
  "sizes": [
    2649,
    883,
    884
  ],
  "score_train": 1.0,
  "score_test": 0.8337104320526123,
  "timestamp": 1629987834.7921853,
  "params": {},
  "cv_results": {
    "mean_fit_time": [
      6215.061398744583
    ],
    "std_fit_time": [
      24.302720373488366
    ],
    "mean_score_time": [
      0.6267682552337647
    ],
    "std_score_time": [
      0.3663351245364607
    ],
    "params": [
      {}
    ],
    "split0_test_score": [
      0.7320754528045654
    ],
    "split1_test_score": [
      0.7830188870429993
    ],
    "split2_test_score": [
      0.7509434223175049
    ],
    "split3_test_score": [
      0.7547169923782349
    ],
    "split4_test_score": [
      0.7202268242835999
    ],
    "mean_test_score": [
      0.7481963157653808
    ],
    "std_test_score": [
      0.021470221073075935
    ],
    "rank_test_score": [
      1
    ]
  },
  "epochs": 2000,
  "batch_size": 128,
  "model_file": "portuguese/standard/a5nc/perceptron/melbanks/8337/model.json"
}