{
  "method": "Perceptron",
  "seed": 42,
  "normalization": "nonorm",
  "library": "melbanks",
  "sample_rate": 24000,
  "sizes": [
    193,
    65,
    65
  ],
  "score_train": 1.0,
  "score_test": 0.0923076942563057,
  "timestamp": 1624305706.3819463,
  "params": {},
  "cv_results": {
    "mean_fit_time": [
      725.286494064331
    ],
    "std_fit_time": [
      1.9730702281606465
    ],
    "mean_score_time": [
      0.4940670013427734
    ],
    "std_score_time": [
      0.2737127741876517
    ],
    "params": [
      {}
    ],
    "split0_test_score": [
      0.07692307978868484
    ],
    "split1_test_score": [
      0.1794871836900711
    ],
    "split2_test_score": [
      0.0
    ],
    "split3_test_score": [
      0.10526315867900848
    ],
    "split4_test_score": [
      0.05263157933950424
    ],
    "mean_test_score": [
      0.08286100029945373
    ],
    "std_test_score": [
      0.05941969064021116
    ],
    "rank_test_score": [
      1
    ]
  },
  "model_file": null
}