{
  "method": "cnn",
  "language": "portuguese",
  "normalization": "standard",
  "seed": 42,
  "augmentation": [
    "15",
    "noise",
    "cut"
  ],
  "library": "melbanks",
  "sample_rate": 24000,
  "shape": [
    7065,
    40,
    500,
    1
  ],
  "sizes": [
    7065,
    2355,
    2356
  ],
  "score_train": 1.0,
  "score_test": 0.9987266659736633,
  "timestamp": 1629926976.3612137,
  "params": {
    "conv2d1": 32,
    "conv2d2": 64,
    "dense": 128,
    "dropout1": 0.25,
    "dropout2": 0.5,
    "epochs": 2000,
    "resizing": [
      32,
      32
    ]
  },
  "cv_results": {
    "mean_fit_time": [
      46968.862535429
    ],
    "std_fit_time": [
      50.87110557084437
    ],
    "mean_score_time": [
      1.2525126934051514
    ],
    "std_score_time": [
      0.5322843703170375
    ],
    "param_conv2d1": [
      32
    ],
    "param_conv2d2": [
      64
    ],
    "param_dense": [
      128
    ],
    "param_dropout1": [
      0.25
    ],
    "param_dropout2": [
      0.5
    ],
    "param_epochs": [
      2000
    ],
    "param_resizing": [
      [
        32,
        32
      ]
    ],
    "params": [
      {
        "conv2d1": 32,
        "conv2d2": 64,
        "dense": 128,
        "dropout1": 0.25,
        "dropout2": 0.5,
        "epochs": 2000,
        "resizing": [
          32,
          32
        ]
      }
    ],
    "split0_test_score": [
      0.9943382740020752
    ],
    "split1_test_score": [
      0.9886765480041504
    ],
    "split2_test_score": [
      0.9943382740020752
    ],
    "split3_test_score": [
      0.9985845685005188
    ],
    "split4_test_score": [
      0.9950460195541382
    ],
    "mean_test_score": [
      0.9941967368125916
    ],
    "std_test_score": [
      0.0031776374283269118
    ],
    "rank_test_score": [
      1
    ]
  },
  "epochs": 2000,
  "batch_size": 128,
  "model_file": "portuguese/standard/a15nc/cnn/melbanks/9987/model.json"
}