{
  "method": "Perceptron",
  "language": "portuguese",
  "seed": 42,
  "library": "melbanks",
  "normalization": "minmax",
  "sample_rate": 24000,
  "sizes": [
    193,
    65,
    65
  ],
  "score_train": 1.0,
  "score_test": 0.20000000298023224,
  "timestamp": 1627513749.2095025,
  "params": {},
  "cv_results": {
    "mean_fit_time": [
      156.74086470603942
    ],
    "std_fit_time": [
      0.6120166555177646
    ],
    "mean_score_time": [
      0.38344225883483884
    ],
    "std_score_time": [
      0.20610382346389344
    ],
    "params": [
      {}
    ],
    "split0_test_score": [
      0.1538461595773697
    ],
    "split1_test_score": [
      0.1794871836900711
    ],
    "split2_test_score": [
      0.05128205195069313
    ],
    "split3_test_score": [
      0.1315789520740509
    ],
    "split4_test_score": [
      0.10526315867900848
    ],
    "mean_test_score": [
      0.12429150119423867
    ],
    "std_test_score": [
      0.04396727336638642
    ],
    "rank_test_score": [
      1
    ]
  },
  "epochs": 500,
  "batch_size": 128,
  "model_file": "portuguese/minmax/perceptron/melbanks/2000/model.json"
}