{
  "method": "lstm",
  "language": "portuguese",
  "normalization": "standard",
  "seed": 42,
  "library": "psf",
  "sample_rate": 24000,
  "shape": [
    193,
    234,
    13
  ],
  "sizes": [
    193,
    65,
    65
  ],
  "score_train": 0.36269429326057434,
  "score_test": 0.1538461595773697,
  "timestamp": 1627693964.9031546,
  "params": {},
  "cv_results": {
    "mean_fit_time": [
      302.92538537979124
    ],
    "std_fit_time": [
      0.6981115124414268
    ],
    "mean_score_time": [
      0.7907955169677734
    ],
    "std_score_time": [
      0.2798628751295598
    ],
    "params": [
      {}
    ],
    "split0_test_score": [
      0.07692307978868484
    ],
    "split1_test_score": [
      0.10256410390138626
    ],
    "split2_test_score": [
      0.10256410390138626
    ],
    "split3_test_score": [
      0.07894736528396606
    ],
    "split4_test_score": [
      0.05263157933950424
    ],
    "mean_test_score": [
      0.08272604644298553
    ],
    "std_test_score": [
      0.018658654029594896
    ],
    "rank_test_score": [
      1
    ]
  },
  "epochs": 500,
  "batch_size": 128,
  "model_file": "portuguese/standard/lstm/psf/1538/model.json"
}