{
  "method": "CNN",
  "language": "portuguese",
  "seed": 42,
  "library": "psf",
  "sample_rate": 24000,
  "sizes": [
    193,
    65,
    65
  ],
  "score_train": 1.0,
  "score_test": 0.6769230961799622,
  "timestamp": 1627514204.187804,
  "params": {},
  "cv_results": {
    "mean_fit_time": [
      352.2331283092499
    ],
    "std_fit_time": [
      1.2158047280258735
    ],
    "mean_score_time": [
      0.40241551399230957
    ],
    "std_score_time": [
      0.2543577577519537
    ],
    "params": [
      {}
    ],
    "split0_test_score": [
      0.41025641560554504
    ],
    "split1_test_score": [
      0.43589743971824646
    ],
    "split2_test_score": [
      0.28205129504203796
    ],
    "split3_test_score": [
      0.4736842215061188
    ],
    "split4_test_score": [
      0.34210526943206787
    ],
    "mean_test_score": [
      0.3887989282608032
    ],
    "std_test_score": [
      0.06849753503101007
    ],
    "rank_test_score": [
      1
    ]
  },
  "epochs": 500,
  "batch_size": 128,
  "model_file": "portuguese/standard/cnn/psf/6769/model.json"
}