{
  "method": "Support Vector Machines",
  "language": "portuguese",
  "seed": 42,
  "library": "stft",
  "sample_rate": 24000,
  "sizes": [
    193,
    65,
    65
  ],
  "score_train": 1.0,
  "score_test": 0.18461538461538463,
  "timestamp": 1626705067.609183,
  "params": {
    "C": 10,
    "decision_function_shape": "ovo",
    "kernel": "linear"
  },
  "cv_results": {
    "mean_fit_time": [
      40.364977312088016
    ],
    "std_fit_time": [
      0.4063156503257477
    ],
    "mean_score_time": [
      4.367327117919922
    ],
    "std_score_time": [
      0.16154823298832768
    ],
    "param_C": [
      10
    ],
    "param_decision_function_shape": [
      "ovo"
    ],
    "param_kernel": [
      "linear"
    ],
    "params": [
      {
        "C": 10,
        "decision_function_shape": "ovo",
        "kernel": "linear"
      }
    ],
    "split0_test_score": [
      0.10256410256410256
    ],
    "split1_test_score": [
      0.20512820512820512
    ],
    "split2_test_score": [
      0.1794871794871795
    ],
    "split3_test_score": [
      0.10526315789473684
    ],
    "split4_test_score": [
      0.10526315789473684
    ],
    "mean_test_score": [
      0.13954116059379218
    ],
    "std_test_score": [
      0.04385113589131722
    ],
    "rank_test_score": [
      1
    ]
  },
  "model_file": null
}