{
  "method": "CNN",
  "language": "portuguese",
  "seed": 42,
  "library": "psf",
  "sample_rate": 24000,
  "sizes": [
    193,
    65,
    65
  ],
  "score_train": 1.0,
  "score_test": 0.4769230782985687,
  "timestamp": 1626101049.9357126,
  "params": {},
  "cv_results": {
    "mean_fit_time": [
      109.19046243031819
    ],
    "std_fit_time": [
      2.0018060123188772
    ],
    "mean_score_time": [
      0.4708615144093831
    ],
    "std_score_time": [
      0.17348811767508696
    ],
    "params": [
      {}
    ],
    "split0_test_score": [
      0.1538461595773697
    ],
    "split1_test_score": [
      0.03125
    ],
    "split2_test_score": [
      0.078125
    ],
    "mean_test_score": [
      0.0877403865257899
    ],
    "std_test_score": [
      0.050509380840329916
    ],
    "rank_test_score": [
      1
    ]
  },
  "model_file": null
}