{
  "method": "Support Vector Machines",
  "language": "portuguese",
  "normalization": "standard",
  "seed": 42,
  "augmentation": [
    "5",
    "noise",
    "cut"
  ],
  "library": "melbanks",
  "sample_rate": 24000,
  "shape": [
    2649,
    20000
  ],
  "sizes": [
    2649,
    883,
    884
  ],
  "score_train": 1.0,
  "score_test": 0.8099547511312217,
  "timestamp": 1630338275.6376245,
  "params": {
    "C": 10,
    "decision_function_shape": "ovo",
    "kernel": "linear"
  },
  "cv_results": {
    "mean_fit_time": [
      159.90166249275208
    ],
    "std_fit_time": [
      36.92734219320521
    ],
    "mean_score_time": [
      17.639152383804323
    ],
    "std_score_time": [
      0.21923909702392888
    ],
    "param_C": [
      10
    ],
    "param_decision_function_shape": [
      "ovo"
    ],
    "param_kernel": [
      "linear"
    ],
    "params": [
      {
        "C": 10,
        "decision_function_shape": "ovo",
        "kernel": "linear"
      }
    ],
    "split0_test_score": [
      0.7830188679245284
    ],
    "split1_test_score": [
      0.7622641509433963
    ],
    "split2_test_score": [
      0.7452830188679245
    ],
    "split3_test_score": [
      0.7754716981132076
    ],
    "split4_test_score": [
      0.7372400756143668
    ],
    "mean_test_score": [
      0.7606555622926847
    ],
    "std_test_score": [
      0.017359855901540502
    ],
    "rank_test_score": [
      1
    ]
  },
  "model_file": null
}