{
  "method": "Perceptron",
  "language": "english",
  "seed": 42,
  "normalization": "minmax",
  "library": "psf",
  "sample_rate": 24000,
  "sizes": [
    10601,
    3534,
    3534
  ],
  "score_train": 1.0,
  "score_test": 0.9289756417274475,
  "timestamp": 1627521473.2150226,
  "params": {},
  "cv_results": {
    "mean_fit_time": [
      1127.7977032184601
    ],
    "std_fit_time": [
      2.8552079461023987
    ],
    "mean_score_time": [
      0.5655826568603516
    ],
    "std_score_time": [
      0.30154631392115083
    ],
    "params": [
      {}
    ],
    "split0_test_score": [
      0.909476637840271
    ],
    "split1_test_score": [
      0.9023584723472595
    ],
    "split2_test_score": [
      0.9070754647254944
    ],
    "split3_test_score": [
      0.9183962345123291
    ],
    "split4_test_score": [
      0.904716968536377
    ],
    "mean_test_score": [
      0.9084047555923462
    ],
    "std_test_score": [
      0.005529971269736669
    ],
    "rank_test_score": [
      1
    ]
  },
  "epochs": 500,
  "batch_size": 128,
  "model_file": "english/minmax/perceptron/psf/9289/model.json"
}