{
  "method": "Support Vector Machines",
  "language": "portuguese",
  "normalization": "standard",
  "seed": 42,
  "augmentation": [],
  "library": "psf",
  "sample_rate": 24000,
  "shape": [
    441,
    3042
  ],
  "sizes": [
    441,
    147,
    148
  ],
  "score_train": 1.0,
  "score_test": 0.7432432432432432,
  "timestamp": 1629508963.9525616,
  "params": {
    "C": 10,
    "decision_function_shape": "ovo",
    "kernel": "linear"
  },
  "cv_results": {
    "mean_fit_time": [
      0.37036619186401365
    ],
    "std_fit_time": [
      0.08410032994080456
    ],
    "mean_score_time": [
      0.040168046951293945
    ],
    "std_score_time": [
      0.008214231605602028
    ],
    "param_C": [
      10
    ],
    "param_decision_function_shape": [
      "ovo"
    ],
    "param_kernel": [
      "linear"
    ],
    "params": [
      {
        "C": 10,
        "decision_function_shape": "ovo",
        "kernel": "linear"
      }
    ],
    "split0_test_score": [
      0.5730337078651685
    ],
    "split1_test_score": [
      0.6477272727272727
    ],
    "split2_test_score": [
      0.7045454545454546
    ],
    "split3_test_score": [
      0.6931818181818182
    ],
    "split4_test_score": [
      0.6931818181818182
    ],
    "mean_test_score": [
      0.6623340143003065
    ],
    "std_test_score": [
      0.04872962410071531
    ],
    "rank_test_score": [
      1
    ]
  },
  "model_file": null
}