{
  "method": "perceptron",
  "language": "portuguese",
  "normalization": "standard",
  "seed": 42,
  "augmentation": [],
  "library": "melbanks",
  "sample_rate": 24000,
  "shape": [
    441,
    40,
    500
  ],
  "sizes": [
    441,
    147,
    148
  ],
  "score_train": 1.0,
  "score_test": 0.14189189672470093,
  "timestamp": 1629979367.88616,
  "params": {},
  "cv_results": {
    "mean_fit_time": [
      1031.6917245864868
    ],
    "std_fit_time": [
      2.7559035633545843
    ],
    "mean_score_time": [
      0.41053128242492676
    ],
    "std_score_time": [
      0.22942283490546556
    ],
    "params": [
      {}
    ],
    "split0_test_score": [
      0.04494382068514824
    ],
    "split1_test_score": [
      0.09090909361839294
    ],
    "split2_test_score": [
      0.05681818351149559
    ],
    "split3_test_score": [
      0.07954545319080353
    ],
    "split4_test_score": [
      0.04545454680919647
    ],
    "mean_test_score": [
      0.06353421956300735
    ],
    "std_test_score": [
      0.018565160755566308
    ],
    "rank_test_score": [
      1
    ]
  },
  "epochs": 2000,
  "batch_size": 128,
  "model_file": "portuguese/standard/perceptron/melbanks/1418/model.json"
}