{
  "method": "Support Vector Machines",
  "language": "portuguese",
  "normalization": "standard",
  "seed": 42,
  "augmentation": [
    "5",
    "noise",
    "cut"
  ],
  "library": "psf",
  "sample_rate": 24000,
  "shape": [
    2649,
    3042
  ],
  "sizes": [
    2649,
    883,
    884
  ],
  "score_train": 1.0,
  "score_test": 0.9287330316742082,
  "timestamp": 1630337349.6577845,
  "params": {
    "C": 10,
    "decision_function_shape": "ovo",
    "kernel": "linear"
  },
  "cv_results": {
    "mean_fit_time": [
      9.436913537979127
    ],
    "std_fit_time": [
      1.831463653979358
    ],
    "mean_score_time": [
      2.4231588363647463
    ],
    "std_score_time": [
      0.23755774732250617
    ],
    "param_C": [
      10
    ],
    "param_decision_function_shape": [
      "ovo"
    ],
    "param_kernel": [
      "linear"
    ],
    "params": [
      {
        "C": 10,
        "decision_function_shape": "ovo",
        "kernel": "linear"
      }
    ],
    "split0_test_score": [
      0.8924528301886793
    ],
    "split1_test_score": [
      0.8452830188679246
    ],
    "split2_test_score": [
      0.8566037735849057
    ],
    "split3_test_score": [
      0.8679245283018868
    ],
    "split4_test_score": [
      0.8468809073724007
    ],
    "mean_test_score": [
      0.8618290116631595
    ],
    "std_test_score": [
      0.01731757717822427
    ],
    "rank_test_score": [
      1
    ]
  },
  "model_file": null
}