{
  "method": "perceptron",
  "language": "portuguese",
  "normalization": "nonorm",
  "seed": 42,
  "library": "melbanks",
  "sample_rate": 24000,
  "shape": [
    193,
    40,
    500
  ],
  "sizes": [
    193,
    65,
    65
  ],
  "score_train": 1.0,
  "score_test": 0.07692307978868484,
  "timestamp": 1627692541.0253274,
  "params": {},
  "cv_results": {
    "mean_fit_time": [
      151.79436268806458
    ],
    "std_fit_time": [
      0.6357012432084181
    ],
    "mean_score_time": [
      0.3878936767578125
    ],
    "std_score_time": [
      0.2579895561275689
    ],
    "params": [
      {}
    ],
    "split0_test_score": [
      0.07692307978868484
    ],
    "split1_test_score": [
      0.07692307978868484
    ],
    "split2_test_score": [
      0.025641025975346565
    ],
    "split3_test_score": [
      0.05263157933950424
    ],
    "split4_test_score": [
      0.05263157933950424
    ],
    "mean_test_score": [
      0.056950068846344945
    ],
    "std_test_score": [
      0.019054643533506783
    ],
    "rank_test_score": [
      1
    ]
  },
  "epochs": 500,
  "batch_size": 128,
  "model_file": "portuguese/nonorm/perceptron/melbanks/0769/model.json"
}