{
  "method": "lstm",
  "language": "english",
  "normalization": "standard",
  "seed": 42,
  "library": "psf",
  "sample_rate": 24000,
  "shape": [
    10601,
    234,
    13
  ],
  "sizes": [
    10601,
    3534,
    3534
  ],
  "score_train": 0.5847561359405518,
  "score_test": 0.5458403825759888,
  "timestamp": 1627831217.6622295,
  "params": {},
  "cv_results": {
    "mean_fit_time": [
      13553.268863773346
    ],
    "std_fit_time": [
      22.760769375637803
    ],
    "mean_score_time": [
      2.5914647579193115
    ],
    "std_score_time": [
      0.7091800675044589
    ],
    "params": [
      {}
    ],
    "split0_test_score": [
      0.4455445408821106
    ],
    "split1_test_score": [
      0.473584920167923
    ],
    "split2_test_score": [
      0.4566037654876709
    ],
    "split3_test_score": [
      0.4726414978504181
    ],
    "split4_test_score": [
      0.5330188870429993
    ],
    "mean_test_score": [
      0.47627872228622437
    ],
    "std_test_score": [
      0.03023781109697218
    ],
    "rank_test_score": [
      1
    ]
  },
  "epochs": 500,
  "batch_size": 128,
  "model_file": "english/standard/lstm/psf/5458/model.json"
}