{
  "method": "Perceptron",
  "language": "portuguese",
  "seed": 42,
  "normalization": "standard",
  "library": "psf",
  "sample_rate": 24000,
  "sizes": [
    193,
    65,
    65
  ],
  "score_train": 1.0,
  "score_test": 0.5846154093742371,
  "timestamp": 1627513270.0525424,
  "params": {},
  "cv_results": {
    "mean_fit_time": [
      29.169383811950684
    ],
    "std_fit_time": [
      6.413243359443707
    ],
    "mean_score_time": [
      0.33033051490783694
    ],
    "std_score_time": [
      0.2217343124599934
    ],
    "params": [
      {}
    ],
    "split0_test_score": [
      0.28205129504203796
    ],
    "split1_test_score": [
      0.3333333432674408
    ],
    "split2_test_score": [
      0.28205129504203796
    ],
    "split3_test_score": [
      0.3684210479259491
    ],
    "split4_test_score": [
      0.34210526943206787
    ],
    "mean_test_score": [
      0.32159245014190674
    ],
    "std_test_score": [
      0.034288621407981376
    ],
    "rank_test_score": [
      1
    ]
  },
  "epochs": 500,
  "batch_size": 128,
  "model_file": "portuguese/standard/perceptron/psf/5846/model.json"
}