{
  "method": "Perceptron",
  "seed": 42,
  "library": "psf",
  "sample_rate": 24000,
  "sizes": [
    193,
    65,
    65
  ],
  "score_train": 1.0,
  "score_test": 0.0615384615957737,
  "timestamp": 1624304761.659433,
  "params": {},
  "cv_results": {
    "mean_fit_time": [
      119.64887280464173
    ],
    "std_fit_time": [
      0.2932549274764468
    ],
    "mean_score_time": [
      0.32517642974853517
    ],
    "std_score_time": [
      0.1443818884195664
    ],
    "params": [
      {}
    ],
    "split0_test_score": [
      0.025641025975346565
    ],
    "split1_test_score": [
      0.07692307978868484
    ],
    "split2_test_score": [
      0.05128205195069313
    ],
    "split3_test_score": [
      0.15789473056793213
    ],
    "split4_test_score": [
      0.05263157933950424
    ],
    "mean_test_score": [
      0.07287449352443218
    ],
    "std_test_score": [
      0.04550129959066275
    ],
    "rank_test_score": [
      1
    ]
  },
  "model_file": null
}