{
  "method": "Perceptron",
  "seed": 42,
  "library": "melbanks",
  "sample_rate": 24000,
  "sizes": [
    10601,
    3534,
    3534
  ],
  "score_train": 1.0,
  "score_test": 0.9134125709533691,
  "timestamp": 1624350624.4329839,
  "params": {},
  "cv_results": {
    "mean_fit_time": [
      28868.771950054168
    ],
    "std_fit_time": [
      157.631896955572
    ],
    "mean_score_time": [
      1.6682469844818115
    ],
    "std_score_time": [
      0.8508928318685215
    ],
    "params": [
      {}
    ],
    "split0_test_score": [
      0.8642150163650513
    ],
    "split1_test_score": [
      0.8844339847564697
    ],
    "split2_test_score": [
      0.8976414799690247
    ],
    "split3_test_score": [
      0.86745285987854
    ],
    "split4_test_score": [
      0.8740565776824951
    ],
    "mean_test_score": [
      0.8775599837303162
    ],
    "std_test_score": [
      0.012190441679970907
    ],
    "rank_test_score": [
      1
    ]
  },
  "model_file": null
}