{
  "method": "cnn",
  "language": "portuguese",
  "normalization": "standard",
  "seed": 42,
  "augmentation": [
    "5",
    "noise",
    "cut"
  ],
  "library": "melbanks",
  "sample_rate": 24000,
  "shape": [
    2649,
    40,
    500,
    1
  ],
  "sizes": [
    2649,
    883,
    884
  ],
  "score_train": 1.0,
  "score_test": 0.976244330406189,
  "timestamp": 1629824944.2347343,
  "params": {
    "conv2d1": 32,
    "conv2d2": 64,
    "dense": 128,
    "dropout1": 0.25,
    "dropout2": 0.5,
    "epochs": 2000,
    "resizing": [
      32,
      32
    ]
  },
  "cv_results": {
    "mean_fit_time": [
      17767.471582555772
    ],
    "std_fit_time": [
      18.520712456288155
    ],
    "mean_score_time": [
      0.6374998569488526
    ],
    "std_score_time": [
      0.24842711500898512
    ],
    "param_conv2d1": [
      32
    ],
    "param_conv2d2": [
      64
    ],
    "param_dense": [
      128
    ],
    "param_dropout1": [
      0.25
    ],
    "param_dropout2": [
      0.5
    ],
    "param_epochs": [
      2000
    ],
    "param_resizing": [
      [
        32,
        32
      ]
    ],
    "params": [
      {
        "conv2d1": 32,
        "conv2d2": 64,
        "dense": 128,
        "dropout1": 0.25,
        "dropout2": 0.5,
        "epochs": 2000,
        "resizing": [
          32,
          32
        ]
      }
    ],
    "split0_test_score": [
      0.8886792659759521
    ],
    "split1_test_score": [
      0.9396226406097412
    ],
    "split2_test_score": [
      0.9264150857925415
    ],
    "split3_test_score": [
      0.9207547307014465
    ],
    "split4_test_score": [
      0.9111531376838684
    ],
    "mean_test_score": [
      0.9173249721527099
    ],
    "std_test_score": [
      0.017030839388493396
    ],
    "rank_test_score": [
      1
    ]
  },
  "epochs": 2000,
  "batch_size": 128,
  "model_file": "portuguese/standard/a5nc/cnn/melbanks/9762/model.json"
}