{
  "method": "Perceptron",
  "seed": 42,
  "library": "psf",
  "sample_rate": 24000,
  "sizes": [
    10601,
    3534,
    3534
  ],
  "score_train": 1.0,
  "score_test": 0.8732314705848694,
  "timestamp": 1624312921.9036536,
  "params": {},
  "cv_results": {
    "mean_fit_time": [
      4638.43028049469
    ],
    "std_fit_time": [
      14.830236128817258
    ],
    "mean_score_time": [
      0.46076979637146
    ],
    "std_score_time": [
      0.22179650627490152
    ],
    "params": [
      {}
    ],
    "split0_test_score": [
      0.8274399042129517
    ],
    "split1_test_score": [
      0.8292452692985535
    ],
    "split2_test_score": [
      0.8212264180183411
    ],
    "split3_test_score": [
      0.8400943279266357
    ],
    "split4_test_score": [
      0.8443396091461182
    ],
    "mean_test_score": [
      0.83246910572052
    ],
    "std_test_score": [
      0.00849866908542543
    ],
    "rank_test_score": [
      1
    ]
  },
  "model_file": null
}