{
  "method": "CNN Aishel",
  "language": "portuguese",
  "seed": 42,
  "library": "psf",
  "sample_rate": 24000,
  "sizes": [
    193,
    65,
    65
  ],
  "score_train": 1.0,
  "score_test": 0.6000000238418579,
  "timestamp": 1627496286.8986363,
  "params": {},
  "cv_results": {
    "mean_fit_time": [
      113.20397615432739
    ],
    "std_fit_time": [
      0.3376452922821045
    ],
    "mean_score_time": [
      0.3969677686691284
    ],
    "std_score_time": [
      0.1581968069076538
    ],
    "params": [
      {}
    ],
    "split0_test_score": [
      0.17525772750377655
    ],
    "split1_test_score": [
      0.125
    ],
    "mean_test_score": [
      0.15012886375188828
    ],
    "std_test_score": [
      0.025128863751888275
    ],
    "rank_test_score": [
      1
    ]
  },
  "model_file": null
}