{
  "method": "cnn",
  "language": "portuguese",
  "normalization": "standard",
  "seed": 42,
  "augmentation": [
    "15",
    "noise",
    "cut"
  ],
  "library": "psf",
  "sample_rate": 24000,
  "shape": [
    7065,
    234,
    13,
    1
  ],
  "sizes": [
    7065,
    2355,
    2356
  ],
  "score_train": 1.0,
  "score_test": 0.9978777766227722,
  "timestamp": 1629635239.9763868,
  "params": {
    "conv2d1": 32,
    "conv2d2": 64,
    "dense": 128,
    "dropout1": 0.25,
    "dropout2": 0.5,
    "epochs": 2000,
    "resizing": [
      32,
      32
    ]
  },
  "cv_results": {
    "mean_fit_time": [
      46684.076428318025
    ],
    "std_fit_time": [
      65.01801360340096
    ],
    "mean_score_time": [
      1.0482590675354004
    ],
    "std_score_time": [
      0.4050192828545033
    ],
    "param_conv2d1": [
      32
    ],
    "param_conv2d2": [
      64
    ],
    "param_dense": [
      128
    ],
    "param_dropout1": [
      0.25
    ],
    "param_dropout2": [
      0.5
    ],
    "param_epochs": [
      2000
    ],
    "param_resizing": [
      [
        32,
        32
      ]
    ],
    "params": [
      {
        "conv2d1": 32,
        "conv2d2": 64,
        "dense": 128,
        "dropout1": 0.25,
        "dropout2": 0.5,
        "epochs": 2000,
        "resizing": [
          32,
          32
        ]
      }
    ],
    "split0_test_score": [
      0.9922151565551758
    ],
    "split1_test_score": [
      0.993630588054657
    ],
    "split2_test_score": [
      0.992922842502594
    ],
    "split3_test_score": [
      0.993630588054657
    ],
    "split4_test_score": [
      0.987261176109314
    ],
    "mean_test_score": [
      0.9919320702552795
    ],
    "std_test_score": [
      0.002393697769212184
    ],
    "rank_test_score": [
      1
    ]
  },
  "epochs": 2000,
  "batch_size": 128,
  "model_file": "portuguese/standard/a15nc/cnn/psf/9978/model.json"
}