{
  "method": "Perceptron",
  "language": "portuguese",
  "seed": 42,
  "library": "psf",
  "normalization": "minmax",
  "sample_rate": 24000,
  "sizes": [
    193,
    65,
    65
  ],
  "score_train": 1.0,
  "score_test": 0.8461538553237915,
  "timestamp": 1627512793.422366,
  "params": {},
  "cv_results": {
    "mean_fit_time": [
      26.150718116760252
    ],
    "std_fit_time": [
      0.5489284050354943
    ],
    "mean_score_time": [
      0.3083515167236328
    ],
    "std_score_time": [
      0.1452734488635386
    ],
    "params": [
      {}
    ],
    "split0_test_score": [
      0.5384615659713745
    ],
    "split1_test_score": [
      0.4615384638309479
    ],
    "split2_test_score": [
      0.38461539149284363
    ],
    "split3_test_score": [
      0.7631579041481018
    ],
    "split4_test_score": [
      0.44736841320991516
    ],
    "mean_test_score": [
      0.5190283477306366
    ],
    "std_test_score": [
      0.1315172734348436
    ],
    "rank_test_score": [
      1
    ]
  },
  "epochs": 500,
  "batch_size": 128,
  "model_file": "portuguese/minmax/perceptron/psf/8461/model.json"
}