{
  "method": "LSTM",
  "language": "portuguese",
  "seed": 42,
  "library": "psf",
  "sample_rate": 24000,
  "sizes": [
    193,
    65,
    65
  ],
  "score_train": 0.9222797751426697,
  "score_test": 0.29230770468711853,
  "timestamp": 1627309351.085127,
  "params": {},
  "cv_results": {
    "mean_fit_time": [
      412.9745886325836
    ],
    "std_fit_time": [
      1.0312516689300537
    ],
    "mean_score_time": [
      1.2208716869354248
    ],
    "std_score_time": [
      0.5460445880889893
    ],
    "params": [
      {}
    ],
    "split0_test_score": [
      0.10309278219938278
    ],
    "split1_test_score": [
      0.1041666641831398
    ],
    "mean_test_score": [
      0.10362972319126129
    ],
    "std_test_score": [
      0.0005369409918785095
    ],
    "rank_test_score": [
      1
    ]
  },
  "model_file": null
}