{
  "method": "Support Vector Machines",
  "seed": 42,
  "library": "melbanks",
  "sample_rate": 24000,
  "sizes": [
    10601,
    3534,
    3534
  ],
  "score_train": 1.0,
  "score_test": 0.6239388794567062,
  "timestamp": 1623707288.431568,
  "params": {
    "C": 10,
    "decision_function_shape": "ovo",
    "kernel": "linear"
  },
  "cv_results": {
    "mean_fit_time": [
      3200.331670951843
    ],
    "std_fit_time": [
      595.0491670599941
    ],
    "mean_score_time": [
      317.475777053833
    ],
    "std_score_time": [
      20.3015680110819
    ],
    "param_C": [
      10
    ],
    "param_decision_function_shape": [
      "ovo"
    ],
    "param_kernel": [
      "linear"
    ],
    "params": [
      {
        "C": 10,
        "decision_function_shape": "ovo",
        "kernel": "linear"
      }
    ],
    "split0_test_score": [
      0.5252239509665252
    ],
    "split1_test_score": [
      0.5452830188679245
    ],
    "split2_test_score": [
      0.5311320754716982
    ],
    "split3_test_score": [
      0.5457547169811321
    ],
    "split4_test_score": [
      0.5141509433962265
    ],
    "mean_test_score": [
      0.5323089411367012
    ],
    "std_test_score": [
      0.012086443326988675
    ],
    "rank_test_score": [
      1
    ]
  },
  "model_file": null
}