{
  "method": "cnn",
  "language": "portuguese",
  "normalization": "standard",
  "seed": 42,
  "library": "psf",
  "sample_rate": 24000,
  "shape": [
    193,
    234,
    13,
    1
  ],
  "sizes": [
    193,
    65,
    65
  ],
  "score_train": 1.0,
  "score_test": 0.6000000238418579,
  "timestamp": 1628531542.4458394,
  "params": {
    "conv2d1": 32,
    "conv2d2": 64,
    "dense": 128,
    "dropout1": 0.25,
    "dropout2": 0.5,
    "epochs": 2000,
    "resizing": [
      32,
      32
    ]
  },
  "cv_results": {
    "mean_fit_time": [
      657.1542047262192,
      3088.793831348419,
      679.8562227487564,
      3192.268533349037,
      689.8706067800522,
      3188.036579966545,
      636.6520004272461,
      2998.8151141405106,
      659.4127515554428,
      3077.7219916582108,
      660.4821065664291,
      3033.8740162849426,
      1073.8153787851334,
      4822.691022396088,
      1112.8108748197556,
      5030.261075615883,
      1115.3086589574814,
      5108.452457904816,
      1026.3171672821045,
      4675.5366851091385,
      1158.864904165268,
      4366.878868818283,
      1065.3801554441452,
      3299.9200798273087
    ],
    "std_fit_time": [
      0.8261955976486206,
      10.519028902053833,
      1.8366068601608276,
      0.8328834772109985,
      0.5648356676101685,
      24.523700833320618,
      4.772541522979736,
      10.287906289100647,
      0.8953229188919067,
      2.0348116159439087,
      4.820897936820984,
      13.445095777511597,
      2.405408024787903,
      22.408955335617065,
      3.6665152311325073,
      46.689443707466125,
      6.846663117408752,
      16.21723771095276,
      4.963029146194458,
      18.86461579799652,
      3.6411118507385254,
      10.631127834320068,
      3.444146752357483,
      38.351436257362366
    ],
    "mean_score_time": [
      1.0899035930633545,
      1.5125343799591064,
      0.9962615966796875,
      1.141653299331665,
      0.8262988328933716,
      1.1737111806869507,
      0.9130202531814575,
      1.2752466201782227,
      0.9198746681213379,
      1.3313409090042114,
      1.2725633382797241,
      1.567413568496704,
      1.1229300498962402,
      1.7503294944763184,
      1.0409042835235596,
      1.6795060634613037,
      1.0663111209869385,
      1.6264818906784058,
      1.161314606666565,
      1.3298043012619019,
      1.1709588766098022,
      0.764662504196167,
      1.2880364656448364,
      0.32632768154144287
    ],
    "std_score_time": [
      0.1576550006866455,
      0.006451129913330078,
      0.12380790710449219,
      0.3548409938812256,
      0.17038404941558838,
      0.03496849536895752,
      0.17143142223358154,
      0.10820388793945312,
      0.15880870819091797,
      0.1341174840927124,
      0.23332130908966064,
      0.01360630989074707,
      0.10059285163879395,
      0.0798501968383789,
      0.0720059871673584,
      0.07982230186462402,
      0.1487715244293213,
      0.06210339069366455,
      0.11007606983184814,
      0.1565457582473755,
      0.1404954195022583,
      0.13271856307983398,
      0.020551323890686035,
      0.09928524494171143
    ],
    "param_conv2d2": [
      32,
      32,
      32,
      32,
      32,
      32,
      32,
      32,
      32,
      32,
      32,
      32,
      64,
      64,
      64,
      64,
      64,
      64,
      64,
      64,
      64,
      64,
      64,
      64
    ],
    "param_dense": [
      {
        "units": 128,
        "activation": "relu"
      },
      {
        "units": 128,
        "activation": "relu"
      },
      {
        "units": 128,
        "activation": "relu"
      },
      {
        "units": 128,
        "activation": "relu"
      },
      {
        "units": 128,
        "activation": "relu"
      },
      {
        "units": 128,
        "activation": "relu"
      },
      {
        "units": 64,
        "activation": "relu"
      },
      {
        "units": 64,
        "activation": "relu"
      },
      {
        "units": 64,
        "activation": "relu"
      },
      {
        "units": 64,
        "activation": "relu"
      },
      {
        "units": 64,
        "activation": "relu"
      },
      {
        "units": 64,
        "activation": "relu"
      },
      {
        "units": 128,
        "activation": "relu"
      },
      {
        "units": 128,
        "activation": "relu"
      },
      {
        "units": 128,
        "activation": "relu"
      },
      {
        "units": 128,
        "activation": "relu"
      },
      {
        "units": 128,
        "activation": "relu"
      },
      {
        "units": 128,
        "activation": "relu"
      },
      {
        "units": 64,
        "activation": "relu"
      },
      {
        "units": 64,
        "activation": "relu"
      },
      {
        "units": 64,
        "activation": "relu"
      },
      {
        "units": 64,
        "activation": "relu"
      },
      {
        "units": 64,
        "activation": "relu"
      },
      {
        "units": 64,
        "activation": "relu"
      }
    ],
    "param_dropout1": [
      0,
      0,
      0.25,
      0.25,
      0.5,
      0.5,
      0,
      0,
      0.25,
      0.25,
      0.5,
      0.5,
      0,
      0,
      0.25,
      0.25,
      0.5,
      0.5,
      0,
      0,
      0.25,
      0.25,
      0.5,
      0.5
    ],
    "param_epochs": [
      2000,
      2000,
      2000,
      2000,
      2000,
      2000,
      2000,
      2000,
      2000,
      2000,
      2000,
      2000,
      2000,
      2000,
      2000,
      2000,
      2000,
      2000,
      2000,
      2000,
      2000,
      2000,
      2000,
      2000
    ],
    "param_resizing": [
      [
        32,
        32
      ],
      [
        64,
        64
      ],
      [
        32,
        32
      ],
      [
        64,
        64
      ],
      [
        32,
        32
      ],
      [
        64,
        64
      ],
      [
        32,
        32
      ],
      [
        64,
        64
      ],
      [
        32,
        32
      ],
      [
        64,
        64
      ],
      [
        32,
        32
      ],
      [
        64,
        64
      ],
      [
        32,
        32
      ],
      [
        64,
        64
      ],
      [
        32,
        32
      ],
      [
        64,
        64
      ],
      [
        32,
        32
      ],
      [
        64,
        64
      ],
      [
        32,
        32
      ],
      [
        64,
        64
      ],
      [
        32,
        32
      ],
      [
        64,
        64
      ],
      [
        32,
        32
      ],
      [
        64,
        64
      ]
    ],
    "params": [
      {
        "conv2d2": 32,
        "dense": {
          "units": 128,
          "activation": "relu"
        },
        "dropout1": 0,
        "epochs": 2000,
        "resizing": [
          32,
          32
        ]
      },
      {
        "conv2d2": 32,
        "dense": {
          "units": 128,
          "activation": "relu"
        },
        "dropout1": 0,
        "epochs": 2000,
        "resizing": [
          64,
          64
        ]
      },
      {
        "conv2d2": 32,
        "dense": {
          "units": 128,
          "activation": "relu"
        },
        "dropout1": 0.25,
        "epochs": 2000,
        "resizing": [
          32,
          32
        ]
      },
      {
        "conv2d2": 32,
        "dense": {
          "units": 128,
          "activation": "relu"
        },
        "dropout1": 0.25,
        "epochs": 2000,
        "resizing": [
          64,
          64
        ]
      },
      {
        "conv2d2": 32,
        "dense": {
          "units": 128,
          "activation": "relu"
        },
        "dropout1": 0.5,
        "epochs": 2000,
        "resizing": [
          32,
          32
        ]
      },
      {
        "conv2d2": 32,
        "dense": {
          "units": 128,
          "activation": "relu"
        },
        "dropout1": 0.5,
        "epochs": 2000,