{
  "method": "CNN",
  "language": "english",
  "seed": 42,
  "normalization": "nonorm",
  "library": "melbanks",
  "sample_rate": 24000,
  "sizes": [
    10601,
    3534,
    3534
  ],
  "score_train": 1.0,
  "score_test": 0.9818902015686035,
  "timestamp": 1627610325.9660392,
  "params": {},
  "cv_results": {
    "mean_fit_time": [
      18476.253429317476
    ],
    "std_fit_time": [
      20.64331322585988
    ],
    "mean_score_time": [
      1.872605800628662
    ],
    "std_score_time": [
      0.8293691130960419
    ],
    "params": [
      {}
    ],
    "split0_test_score": [
      0.9660537242889404
    ],
    "split1_test_score": [
      0.9561320543289185
    ],
    "split2_test_score": [
      0.974056601524353
    ],
    "split3_test_score": [
      0.970283031463623
    ],
    "split4_test_score": [
      0.9712263941764832
    ],
    "mean_test_score": [
      0.9675503611564636
    ],
    "std_test_score": [
      0.006259864570705225
    ],
    "rank_test_score": [
      1
    ]
  },
  "epochs": 500,
  "batch_size": 128,
  "model_file": "english/standard/cnn/melbanks/9818/model.json"
}