{
  "method": "cnn",
  "language": "portuguese",
  "normalization": "standard",
  "seed": 42,
  "augmentation": [
    "5",
    "noise",
    "cut"
  ],
  "library": "psf",
  "sample_rate": 24000,
  "shape": [
    2649,
    234,
    13,
    1
  ],
  "sizes": [
    2649,
    883,
    884
  ],
  "score_train": 1.0,
  "score_test": 0.9468325972557068,
  "timestamp": 1629535125.9406705,
  "params": {
    "conv2d1": 32,
    "conv2d2": 64,
    "dense": 128,
    "dropout1": 0.25,
    "dropout2": 0.5,
    "epochs": 2000,
    "resizing": [
      32,
      32
    ]
  },
  "cv_results": {
    "mean_fit_time": [
      17586.880530548096
    ],
    "std_fit_time": [
      29.02553390675818
    ],
    "mean_score_time": [
      0.6026393413543701
    ],
    "std_score_time": [
      0.2647115490240603
    ],
    "param_conv2d1": [
      32
    ],
    "param_conv2d2": [
      64
    ],
    "param_dense": [
      128
    ],
    "param_dropout1": [
      0.25
    ],
    "param_dropout2": [
      0.5
    ],
    "param_epochs": [
      2000
    ],
    "param_resizing": [
      [
        32,
        32
      ]
    ],
    "params": [
      {
        "conv2d1": 32,
        "conv2d2": 64,
        "dense": 128,
        "dropout1": 0.25,
        "dropout2": 0.5,
        "epochs": 2000,
        "resizing": [
          32,
          32
        ]
      }
    ],
    "split0_test_score": [
      0.8792452812194824
    ],
    "split1_test_score": [
      0.8867924809455872
    ],
    "split2_test_score": [
      0.9075471758842468
    ],
    "split3_test_score": [
      0.8433962464332581
    ],
    "split4_test_score": [
      0.8487712740898132
    ],
    "mean_test_score": [
      0.8731504917144776
    ],
    "std_test_score": [
      0.024025168367412537
    ],
    "rank_test_score": [
      1
    ]
  },
  "epochs": 2000,
  "batch_size": 128,
  "model_file": "portuguese/standard/a5nc/cnn/psf/9468/model.json"
}