{
  "method": "CNN Aishel",
  "language": "portuguese",
  "seed": 42,
  "library": "stft",
  "sample_rate": 24000,
  "sizes": [
    193,
    65,
    65
  ],
  "score_train": 1.0,
  "score_test": 0.29230770468711853,
  "timestamp": 1627499179.4223874,
  "params": {},
  "cv_results": {
    "mean_fit_time": [
      138.29637014865875
    ],
    "std_fit_time": [
      0.6126805543899536
    ],
    "mean_score_time": [
      0.8800524473190308
    ],
    "std_score_time": [
      0.35872209072113037
    ],
    "params": [
      {}
    ],
    "split0_test_score": [
      0.12371134012937546
    ],
    "split1_test_score": [
      0.09375
    ],
    "mean_test_score": [
      0.10873067006468773
    ],
    "std_test_score": [
      0.014980670064687729
    ],
    "rank_test_score": [
      1
    ]
  },
  "model_file": null
}