{
  "method": "Support Vector Machines",
  "seed": 42,
  "library": "melbanks",
  "sample_rate": 24000,
  "sizes": [
    193,
    65,
    65
  ],
  "score_train": 1.0,
  "score_test": 0.3384615384615385,
  "timestamp": 1623698081.6170652,
  "params": {
    "C": 10,
    "decision_function_shape": "ovo",
    "kernel": "linear"
  },
  "cv_results": {
    "mean_fit_time": [
      0.7573939800262451
    ],
    "std_fit_time": [
      0.14814208690597558
    ],
    "mean_score_time": [
      0.12204008102416992
    ],
    "std_score_time": [
      0.028309446987573324
    ],
    "param_C": [
      10
    ],
    "param_decision_function_shape": [
      "ovo"
    ],
    "param_kernel": [
      "linear"
    ],
    "params": [
      {
        "C": 10,
        "decision_function_shape": "ovo",
        "kernel": "linear"
      }
    ],
    "split0_test_score": [
      0.20512820512820512
    ],
    "split1_test_score": [
      0.2564102564102564
    ],
    "split2_test_score": [
      0.20512820512820512
    ],
    "split3_test_score": [
      0.15789473684210525
    ],
    "split4_test_score": [
      0.10526315789473684
    ],
    "mean_test_score": [
      0.18596491228070172
    ],
    "std_test_score": [
      0.05098571957945856
    ],
    "rank_test_score": [
      1
    ]
  },
  "model_file": null
}