{
  "method": "lstm",
  "language": "portuguese",
  "normalization": "standard",
  "seed": 42,
  "library": "melbanks",
  "sample_rate": 24000,
  "shape": [
    193,
    40,
    500
  ],
  "sizes": [
    193,
    65,
    65
  ],
  "score_train": 0.7202072739601135,
  "score_test": 0.07692307978868484,
  "timestamp": 1627916861.2028546,
  "params": {},
  "cv_results": {
    "mean_fit_time": [
      107.80493793487548
    ],
    "std_fit_time": [
      1.123802703777614
    ],
    "mean_score_time": [
      1.1055235385894775
    ],
    "std_score_time": [
      0.9867640046599383
    ],
    "params": [
      {}
    ],
    "split0_test_score": [
      0.0
    ],
    "split1_test_score": [
      0.05128205195069313
    ],
    "split2_test_score": [
      0.0
    ],
    "split3_test_score": [
      0.02631578966975212
    ],
    "split4_test_score": [
      0.02631578966975212
    ],
    "mean_test_score": [
      0.020782726258039473
    ],
    "std_test_score": [
      0.019262823627785395
    ],
    "rank_test_score": [
      1
    ]
  },
  "epochs": 500,
  "batch_size": 128,
  "model_file": "portuguese/standard/lstm/melbanks/0769/model.json"
}