{
  "method": "Support Vector Machines",
  "language": "portuguese",
  "normalization": "standard",
  "seed": 42,
  "augmentation": [
    "15",
    "noise",
    "cut"
  ],
  "library": "psf",
  "sample_rate": 24000,
  "shape": [
    7065,
    3042
  ],
  "sizes": [
    7065,
    2355,
    2356
  ],
  "score_train": 1.0,
  "score_test": 0.9906621392190152,
  "timestamp": 1630337731.6302707,
  "params": {
    "C": 10,
    "decision_function_shape": "ovo",
    "kernel": "linear"
  },
  "cv_results": {
    "mean_fit_time": [
      41.970148944854735
    ],
    "std_fit_time": [
      10.902105829781194
    ],
    "mean_score_time": [
      14.705846309661865
    ],
    "std_score_time": [
      1.1009830941083136
    ],
    "param_C": [
      10
    ],
    "param_decision_function_shape": [
      "ovo"
    ],
    "param_kernel": [
      "linear"
    ],
    "params": [
      {
        "C": 10,
        "decision_function_shape": "ovo",
        "kernel": "linear"
      }
    ],
    "split0_test_score": [
      0.9893842887473461
    ],
    "split1_test_score": [
      0.9907997169143666
    ],
    "split2_test_score": [
      0.9922151450813871
    ],
    "split3_test_score": [
      0.9865534324133051
    ],
    "split4_test_score": [
      0.9823071479122435
    ],
    "mean_test_score": [
      0.9882519462137298
    ],
    "std_test_score": [
      0.003513000324413528
    ],
    "rank_test_score": [
      1
    ]
  },
  "model_file": null
}