{
  "method": "CNN",
  "language": "english",
  "seed": 42,
  "library": "psf",
  "sample_rate": 24000,
  "sizes": [
    10601,
    3534,
    3534
  ],
  "score_train": 0.9975473880767822,
  "score_test": 0.8259762525558472,
  "timestamp": 1626821254.2272418,
  "params": {},
  "cv_results": {
    "mean_fit_time": [
      3782.422900557518
    ],
    "std_fit_time": [
      1.354066252708435
    ],
    "mean_score_time": [
      1.8920674324035645
    ],
    "std_score_time": [
      0.4890408515930176
    ],
    "params": [
      {}
    ],
    "split0_test_score": [
      0.7998490929603577
    ],
    "split1_test_score": [
      0.8086792230606079
    ],
    "mean_test_score": [
      0.8042641580104828
    ],
    "std_test_score": [
      0.004415065050125122
    ],
    "rank_test_score": [
      1
    ]
  },
  "model_file": null
}