{
  "method": "Support Vector Machines",
  "language": "portuguese",
  "normalization": "standard",
  "seed": 42,
  "augmentation": [
    "15",
    "noise",
    "cut"
  ],
  "library": "melbanks",
  "sample_rate": 24000,
  "shape": [
    7065,
    20000
  ],
  "sizes": [
    7065,
    2355,
    2356
  ],
  "score_train": 1.0,
  "score_test": 0.9711375212224108,
  "timestamp": 1630341941.346214,
  "params": {
    "C": 10,
    "decision_function_shape": "ovo",
    "kernel": "linear"
  },
  "cv_results": {
    "mean_fit_time": [
      776.410736131668
    ],
    "std_fit_time": [
      117.0767546556974
    ],
    "mean_score_time": [
      138.0407817363739
    ],
    "std_score_time": [
      44.81216791163827
    ],
    "param_C": [
      10
    ],
    "param_decision_function_shape": [
      "ovo"
    ],
    "param_kernel": [
      "linear"
    ],
    "params": [
      {
        "C": 10,
        "decision_function_shape": "ovo",
        "kernel": "linear"
      }
    ],
    "split0_test_score": [
      0.9547062986553433
    ],
    "split1_test_score": [
      0.9568294409058741
    ],
    "split2_test_score": [
      0.9610757254069356
    ],
    "split3_test_score": [
      0.9554140127388535
    ],
    "split4_test_score": [
      0.9462137296532201
    ],
    "mean_test_score": [
      0.9548478414720453
    ],
    "std_test_score": [
      0.0048497782587436115
    ],
    "rank_test_score": [
      1
    ]
  },
  "model_file": null
}