{
  "method": "Support Vector Machines",
  "language": "portuguese",
  "normalization": "standard",
  "seed": 42,
  "augmentation": [
    "10",
    "noise",
    "cut"
  ],
  "library": "psf",
  "sample_rate": 24000,
  "shape": [
    4857,
    3042
  ],
  "sizes": [
    4857,
    1619,
    1620
  ],
  "score_train": 1.0,
  "score_test": 0.9864197530864197,
  "timestamp": 1630337484.508368,
  "params": {
    "C": 10,
    "decision_function_shape": "ovo",
    "kernel": "linear"
  },
  "cv_results": {
    "mean_fit_time": [
      21.65117483139038
    ],
    "std_fit_time": [
      4.253831965074038
    ],
    "mean_score_time": [
      8.403320550918579
    ],
    "std_score_time": [
      1.132319153643149
    ],
    "param_C": [
      10
    ],
    "param_decision_function_shape": [
      "ovo"
    ],
    "param_kernel": [
      "linear"
    ],
    "params": [
      {
        "C": 10,
        "decision_function_shape": "ovo",
        "kernel": "linear"
      }
    ],
    "split0_test_score": [
      0.9814814814814815
    ],
    "split1_test_score": [
      0.970164609053498
    ],
    "split2_test_score": [
      0.9639546858908342
    ],
    "split3_test_score": [
      0.9618949536560247
    ],
    "split4_test_score": [
      0.98043254376931
    ],
    "mean_test_score": [
      0.9715856547702298
    ],
    "std_test_score": [
      0.008128414068111565
    ],
    "rank_test_score": [
      1
    ]
  },
  "model_file": null
}