{
  "method": "CNN Aishel",
  "language": "portuguese",
  "seed": 42,
  "library": "psf",
  "sample_rate": 24000,
  "sizes": [
    193,
    65,
    65
  ],
  "score_train": 1.0,
  "score_test": 0.6000000238418579,
  "timestamp": 1627496008.1523726,
  "params": {},
  "cv_results": {
    "mean_fit_time": [
      119.698903799057
    ],
    "std_fit_time": [
      0.3632185459136963
    ],
    "mean_score_time": [
      0.447528600692749
    ],
    "std_score_time": [
      0.19400954246520996
    ],
    "params": [
      {}
    ],
    "split0_test_score": [
      0.2164948433637619
    ],
    "split1_test_score": [
      0.28125
    ],
    "mean_test_score": [
      0.24887242168188095
    ],
    "std_test_score": [
      0.03237757831811905
    ],
    "rank_test_score": [
      1
    ]
  },
  "model_file": null
}