{
  "method": "CNN Aishel",
  "language": "portuguese",
  "seed": 42,
  "library": "melbanks",
  "sample_rate": 24000,
  "sizes": [
    193,
    65,
    65
  ],
  "score_train": 1.0,
  "score_test": 0.23076923191547394,
  "timestamp": 1627498430.6403596,
  "params": {},
  "cv_results": {
    "mean_fit_time": [
      122.3786700963974
    ],
    "std_fit_time": [
      0.4586445093154907
    ],
    "mean_score_time": [
      0.4312669038772583
    ],
    "std_score_time": [
      0.18168771266937256
    ],
    "params": [
      {}
    ],
    "split0_test_score": [
      0.09278350323438644
    ],
    "split1_test_score": [
      0.0729166641831398
    ],
    "mean_test_score": [
      0.08285008370876312
    ],
    "std_test_score": [
      0.009933419525623322
    ],
    "rank_test_score": [
      1
    ]
  },
  "model_file": null
}