{
  "method": "CNN",
  "language": "portuguese",
  "seed": 42,
  "library": "psf",
  "sample_rate": 24000,
  "sizes": [
    193,
    65,
    65
  ],
  "score_train": 0.9948186278343201,
  "score_test": 0.1230769231915474,
  "timestamp": 1626099608.270092,
  "params": {},
  "cv_results": {
    "mean_fit_time": [
      275.47286168734234
    ],
    "std_fit_time": [
      6.437226741620906
    ],
    "mean_score_time": [
      2.1977325280507407
    ],
    "std_score_time": [
      0.5462673915056798
    ],
    "params": [
      {}
    ],
    "split0_test_score": [
      0.03076923079788685
    ],
    "split1_test_score": [
      0.015625
    ],
    "split2_test_score": [
      0.046875
    ],
    "mean_test_score": [
      0.031089743599295616
    ],
    "std_test_score": [
      0.012759771976591122
    ],
    "rank_test_score": [
      1
    ]
  },
  "model_file": null
}