{
  "method": "CNN Aishel",
  "language": "portuguese",
  "seed": 42,
  "library": "melbanks",
  "sample_rate": 24000,
  "sizes": [
    193,
    65,
    65
  ],
  "score_train": 1.0,
  "score_test": 0.1538461595773697,
  "timestamp": 1627498736.061736,
  "params": {},
  "cv_results": {
    "mean_fit_time": [
      129.2522258758545
    ],
    "std_fit_time": [
      0.20534443855285645
    ],
    "mean_score_time": [
      0.5668329000473022
    ],
    "std_score_time": [
      0.1066514253616333
    ],
    "params": [
      {}
    ],
    "split0_test_score": [
      0.05154639109969139
    ],
    "split1_test_score": [
      0.0833333358168602
    ],
    "mean_test_score": [
      0.0674398634582758
    ],
    "std_test_score": [
      0.015893472358584404
    ],
    "rank_test_score": [
      1
    ]
  },
  "model_file": null
}