{
  "method": "Support Vector Machines",
  "language": "portuguese",
  "normalization": "standard",
  "seed": 42,
  "augmentation": [
    "15",
    "noise"
  ],
  "library": "psf",
  "sample_rate": 24000,
  "shape": [
    7065,
    3042
  ],
  "sizes": [
    7065,
    2355,
    2356
  ],
  "score_train": 1.0,
  "score_test": 1.0,
  "timestamp": 1631218101.0121946,
  "params": {
    "C": 10,
    "decision_function_shape": "ovo",
    "kernel": "linear"
  },
  "cv_results": {
    "mean_fit_time": [
      29.623620557785035
    ],
    "std_fit_time": [
      8.062441162798795
    ],
    "mean_score_time": [
      10.37381272315979
    ],
    "std_score_time": [
      0.6020962611629026
    ],
    "param_C": [
      10
    ],
    "param_decision_function_shape": [
      "ovo"
    ],
    "param_kernel": [
      "linear"
    ],
    "params": [
      {
        "C": 10,
        "decision_function_shape": "ovo",
        "kernel": "linear"
      }
    ],
    "split0_test_score": [
      0.9992922859164898
    ],
    "split1_test_score": [
      0.9943382873319179
    ],
    "split2_test_score": [
      0.9978768577494692
    ],
    "split3_test_score": [
      0.9978768577494692
    ],
    "split4_test_score": [
      0.9943382873319179
    ],
    "mean_test_score": [
      0.9967445152158529
    ],
    "std_test_score": [
      0.002031521598642252
    ],
    "rank_test_score": [
      1
    ]
  },
  "model_file": null
}